PRAGMA foreign_keys=OFF;
BEGIN TRANSACTION;
CREATE TABLE IF NOT EXISTS "django_migrations" ("id" integer NOT NULL PRIMARY KEY AUTOINCREMENT, "app" varchar(255) NOT NULL, "name" varchar(255) NOT NULL, "applied" datetime NOT NULL);
INSERT INTO django_migrations VALUES(1,'contenttypes','0001_initial','2019-09-16 09:48:53.998678');
INSERT INTO django_migrations VALUES(2,'auth','0001_initial','2019-09-16 09:48:54.032084');
INSERT INTO django_migrations VALUES(3,'admin','0001_initial','2019-09-16 09:48:54.043308');
INSERT INTO django_migrations VALUES(4,'admin','0002_logentry_remove_auto_add','2019-09-16 09:48:54.063483');
INSERT INTO django_migrations VALUES(5,'admin','0003_logentry_add_action_flag_choices','2019-09-16 09:48:54.081688');
INSERT INTO django_migrations VALUES(6,'contenttypes','0002_remove_content_type_name','2019-09-16 09:48:54.110319');
INSERT INTO django_migrations VALUES(7,'auth','0002_alter_permission_name_max_length','2019-09-16 09:48:54.126630');
INSERT INTO django_migrations VALUES(8,'auth','0003_alter_user_email_max_length','2019-09-16 09:48:54.143580');
INSERT INTO django_migrations VALUES(9,'auth','0004_alter_user_username_opts','2019-09-16 09:48:54.157611');
INSERT INTO django_migrations VALUES(10,'auth','0005_alter_user_last_login_null','2019-09-16 09:48:54.172005');
INSERT INTO django_migrations VALUES(11,'auth','0006_require_contenttypes_0002','2019-09-16 09:48:54.175854');
INSERT INTO django_migrations VALUES(12,'auth','0007_alter_validators_add_error_messages','2019-09-16 09:48:54.192974');
INSERT INTO django_migrations VALUES(13,'auth','0008_alter_user_username_max_length','2019-09-16 09:48:54.210204');
INSERT INTO django_migrations VALUES(14,'auth','0009_alter_user_last_name_max_length','2019-09-16 09:48:54.225175');
INSERT INTO django_migrations VALUES(15,'auth','0010_alter_group_name_max_length','2019-09-16 09:48:54.240943');
INSERT INTO django_migrations VALUES(16,'auth','0011_update_proxy_permissions','2019-09-16 09:48:54.257965');
INSERT INTO django_migrations VALUES(17,'friendship','0001_initial','2019-09-16 09:48:54.278235');
INSERT INTO django_migrations VALUES(18,'group','0001_initial','2019-09-16 09:48:54.308504');
INSERT INTO django_migrations VALUES(19,'news','0001_initial','2019-09-16 09:48:54.333779');
INSERT INTO django_migrations VALUES(20,'sessions','0001_initial','2019-09-16 09:48:54.343391');
INSERT INTO django_migrations VALUES(21,'subscription','0001_initial','2019-09-16 09:48:54.373160');
CREATE TABLE IF NOT EXISTS "auth_group_permissions" ("id" integer NOT NULL PRIMARY KEY AUTOINCREMENT, "group_id" integer NOT NULL REFERENCES "auth_group" ("id") DEFERRABLE INITIALLY DEFERRED, "permission_id" integer NOT NULL REFERENCES "auth_permission" ("id") DEFERRABLE INITIALLY DEFERRED);
CREATE TABLE IF NOT EXISTS "auth_user_groups" ("id" integer NOT NULL PRIMARY KEY AUTOINCREMENT, "user_id" integer NOT NULL REFERENCES "auth_user" ("id") DEFERRABLE INITIALLY DEFERRED, "group_id" integer NOT NULL REFERENCES "auth_group" ("id") DEFERRABLE INITIALLY DEFERRED);
CREATE TABLE IF NOT EXISTS "auth_user_user_permissions" ("id" integer NOT NULL PRIMARY KEY AUTOINCREMENT, "user_id" integer NOT NULL REFERENCES "auth_user" ("id") DEFERRABLE INITIALLY DEFERRED, "permission_id" integer NOT NULL REFERENCES "auth_permission" ("id") DEFERRABLE INITIALLY DEFERRED);
CREATE TABLE IF NOT EXISTS "django_admin_log" ("id" integer NOT NULL PRIMARY KEY AUTOINCREMENT, "action_time" datetime NOT NULL, "object_id" text NULL, "object_repr" varchar(200) NOT NULL, "change_message" text NOT NULL, "content_type_id" integer NULL REFERENCES "django_content_type" ("id") DEFERRABLE INITIALLY DEFERRED, "user_id" integer NOT NULL REFERENCES "auth_user" ("id") DEFERRABLE INITIALLY DEFERRED, "action_flag" smallint unsigned NOT NULL CHECK ("action_flag" >= 0));
INSERT INTO django_admin_log VALUES(1,'2019-09-16 09:51:20.994101','2','testuser1','[{"added": {}}]',4,1,1);
INSERT INTO django_admin_log VALUES(2,'2019-09-16 09:51:55.242885','3','testuser2','[{"added": {}}]',4,1,1);
INSERT INTO django_admin_log VALUES(3,'2019-09-16 09:52:18.495688','1','first group','[{"added": {}}]',8,1,1);
INSERT INTO django_admin_log VALUES(4,'2019-09-16 09:52:27.532215','2','second proup','[{"added": {}}]',8,1,1);
INSERT INTO django_admin_log VALUES(5,'2019-09-16 09:52:38.892764','2','second group','[{"changed": {"fields": ["name"]}}]',8,1,2);
INSERT INTO django_admin_log VALUES(6,'2019-09-16 09:53:18.380850','1','Bla 1','[{"added": {}}]',9,1,1);
INSERT INTO django_admin_log VALUES(7,'2019-09-16 09:53:51.154110','2','bal2','[{"added": {}}]',9,1,1);
INSERT INTO django_admin_log VALUES(8,'2019-09-16 09:54:08.221537','1','User testuser1 subscribed to first group','[{"added": {}}]',10,1,1);
INSERT INTO django_admin_log VALUES(9,'2019-09-16 09:54:14.158247','2','User testuser2 subscribed to second group','[{"added": {}}]',10,1,1);
INSERT INTO django_admin_log VALUES(10,'2019-09-16 09:54:30.976794','1','testuser1 follows testuser2','[{"added": {}}]',7,1,1);
INSERT INTO django_admin_log VALUES(11,'2019-09-18 20:14:43.809436','10','User testuser2 subscribed to second group','',10,1,3);
INSERT INTO django_admin_log VALUES(12,'2019-09-18 20:15:01.347091','11','User testuser1 subscribed to super group','[{"added": {}}]',10,1,1);
INSERT INTO django_admin_log VALUES(13,'2019-09-18 20:55:02.670299','6','checking group','[{"added": {}}]',8,1,1);
INSERT INTO django_admin_log VALUES(14,'2019-09-18 20:55:56.212091','31','checking title','[{"added": {}}]',9,1,1);
INSERT INTO django_admin_log VALUES(15,'2019-09-18 20:56:19.534288','12','User testuser1 subscribed to checking group','[{"added": {}}]',10,1,1);
INSERT INTO django_admin_log VALUES(16,'2019-09-18 20:57:56.780105','2','testuser1','[]',4,1,2);
INSERT INTO django_admin_log VALUES(17,'2019-09-19 12:25:00.578052','4','test','[{"added": {}}]',4,1,1);
INSERT INTO django_admin_log VALUES(18,'2019-09-19 12:58:14.964426','14','User test subscribed to checking group','[{"added": {}}]',10,1,1);
INSERT INTO django_admin_log VALUES(19,'2019-09-19 12:58:30.150720','31','checking title','[{"changed": {"fields": ["text"]}}]',9,1,2);
INSERT INTO django_admin_log VALUES(20,'2019-09-19 12:59:54.121201','14','User test subscribed to checking group','[]',10,1,2);
INSERT INTO django_admin_log VALUES(21,'2019-09-19 13:00:06.963235','6','checking group','[]',8,1,2);
INSERT INTO django_admin_log VALUES(22,'2019-09-19 13:00:08.461142','31','checking title','[]',9,1,2);
CREATE TABLE IF NOT EXISTS "django_content_type" ("id" integer NOT NULL PRIMARY KEY AUTOINCREMENT, "app_label" varchar(100) NOT NULL, "model" varchar(100) NOT NULL);
INSERT INTO django_content_type VALUES(1,'admin','logentry');
INSERT INTO django_content_type VALUES(2,'auth','permission');
INSERT INTO django_content_type VALUES(3,'auth','group');
INSERT INTO django_content_type VALUES(4,'auth','user');
INSERT INTO django_content_type VALUES(5,'contenttypes','contenttype');
INSERT INTO django_content_type VALUES(6,'sessions','session');
INSERT INTO django_content_type VALUES(7,'friendship','friendship');
INSERT INTO django_content_type VALUES(8,'group','group');
INSERT INTO django_content_type VALUES(9,'news','news');
INSERT INTO django_content_type VALUES(10,'subscription','subscription');
CREATE TABLE IF NOT EXISTS "auth_permission" ("id" integer NOT NULL PRIMARY KEY AUTOINCREMENT, "content_type_id" integer NOT NULL REFERENCES "django_content_type" ("id") DEFERRABLE INITIALLY DEFERRED, "codename" varchar(100) NOT NULL, "name" varchar(255) NOT NULL);
INSERT INTO auth_permission VALUES(1,1,'add_logentry','Can add log entry');
INSERT INTO auth_permission VALUES(2,1,'change_logentry','Can change log entry');
INSERT INTO auth_permission VALUES(3,1,'delete_logentry','Can delete log entry');
INSERT INTO auth_permission VALUES(4,1,'view_logentry','Can view log entry');
INSERT INTO auth_permission VALUES(5,2,'add_permission','Can add permission');
INSERT INTO auth_permission VALUES(6,2,'change_permission','Can change permission');
INSERT INTO auth_permission VALUES(7,2,'delete_permission','Can delete permission');
INSERT INTO auth_permission VALUES(8,2,'view_permission','Can view permission');
INSERT INTO auth_permission VALUES(9,3,'add_group','Can add group');
INSERT INTO auth_permission VALUES(10,3,'change_group','Can change group');
INSERT INTO auth_permission VALUES(11,3,'delete_group','Can delete group');
INSERT INTO auth_permission VALUES(12,3,'view_group','Can view group');
INSERT INTO auth_permission VALUES(13,4,'add_user','Can add user');
INSERT INTO auth_permission VALUES(14,4,'change_user','Can change user');
INSERT INTO auth_permission VALUES(15,4,'delete_user','Can delete user');
INSERT INTO auth_permission VALUES(16,4,'view_user','Can view user');
INSERT INTO auth_permission VALUES(17,5,'add_contenttype','Can add content type');
INSERT INTO auth_permission VALUES(18,5,'change_contenttype','Can change content type');
INSERT INTO auth_permission VALUES(19,5,'delete_contenttype','Can delete content type');
INSERT INTO auth_permission VALUES(20,5,'view_contenttype','Can view content type');
INSERT INTO auth_permission VALUES(21,6,'add_session','Can add session');
INSERT INTO auth_permission VALUES(22,6,'change_session','Can change session');
INSERT INTO auth_permission VALUES(23,6,'delete_session','Can delete session');
INSERT INTO auth_permission VALUES(24,6,'view_session','Can view session');
INSERT INTO auth_permission VALUES(25,7,'add_friendship','Can add friendship');
INSERT INTO auth_permission VALUES(26,7,'change_friendship','Can change friendship');
INSERT INTO auth_permission VALUES(27,7,'delete_friendship','Can delete friendship');
INSERT INTO auth_permission VALUES(28,7,'view_friendship','Can view friendship');
INSERT INTO auth_permission VALUES(29,8,'add_group','Can add group');
INSERT INTO auth_permission VALUES(30,8,'change_group','Can change group');
INSERT INTO auth_permission VALUES(31,8,'delete_group','Can delete group');
INSERT INTO auth_permission VALUES(32,8,'view_group','Can view group');
INSERT INTO auth_permission VALUES(33,9,'add_news','Can add news');
INSERT INTO auth_permission VALUES(34,9,'change_news','Can change news');
INSERT INTO auth_permission VALUES(35,9,'delete_news','Can delete news');
INSERT INTO auth_permission VALUES(36,9,'view_news','Can view news');
INSERT INTO auth_permission VALUES(37,10,'add_subscription','Can add subscription');
INSERT INTO auth_permission VALUES(38,10,'change_subscription','Can change subscription');
INSERT INTO auth_permission VALUES(39,10,'delete_subscription','Can delete subscription');
INSERT INTO auth_permission VALUES(40,10,'view_subscription','Can view subscription');
CREATE TABLE IF NOT EXISTS "auth_user" ("id" integer NOT NULL PRIMARY KEY AUTOINCREMENT, "password" varchar(128) NOT NULL, "last_login" datetime NULL, "is_superuser" bool NOT NULL, "username" varchar(150) NOT NULL UNIQUE, "first_name" varchar(30) NOT NULL, "email" varchar(254) NOT NULL, "is_staff" bool NOT NULL, "is_active" bool NOT NULL, "date_joined" datetime NOT NULL, "last_name" varchar(150) NOT NULL);
INSERT INTO auth_user VALUES(1,'pbkdf2_sha256$150000$F5gwLMW62U2L$ayHcD4s/Npsx3lS4QSs1SsgzarBQm2GUP2YqChLw1Ps=','2019-09-19 12:57:30.784088',1,'admin','','admin@example.com',1,1,'2019-09-16 09:50:37.111427','');
INSERT INTO auth_user VALUES(2,'pbkdf2_sha256$150000$8SNf7dTsOXed$v1aAWIuy0oJ1oZZ0pNvsAtyW/WN78VL2uhVenH8nIbQ=','2019-09-19 08:03:37.257881',0,'testuser1','','',0,1,'2019-09-16 09:51:20','');
INSERT INTO auth_user VALUES(3,'pbkdf2_sha256$150000$kr0LBty0bS3h$iTWbns+D9rhVbtcpguipQQ1ChkOGj9oxhZZf4fWK6FU=','2019-09-18 20:04:25.497297',0,'testuser2','','',0,1,'2019-09-16 09:51:55.078029','');
INSERT INTO auth_user VALUES(4,'pbkdf2_sha256$150000$ySimH6qlaLuL$EOUN5/uRIHZnx/m5lwVtEY6nycOBXUw+M2iMkrvdhVw=','2019-09-19 13:01:32.710633',0,'test','','',0,1,'2019-09-19 12:25:00.398481','');
CREATE TABLE IF NOT EXISTS "auth_group" ("id" integer NOT NULL PRIMARY KEY AUTOINCREMENT, "name" varchar(150) NOT NULL UNIQUE);
CREATE TABLE IF NOT EXISTS "friendship_friendship" ("id" integer NOT NULL PRIMARY KEY AUTOINCREMENT, "first_accepted" bool NOT NULL, "second_accepted" bool NOT NULL, "first_user_id" integer NOT NULL REFERENCES "auth_user" ("id") DEFERRABLE INITIALLY DEFERRED, "second_user_id" integer NOT NULL REFERENCES "auth_user" ("id") DEFERRABLE INITIALLY DEFERRED);
INSERT INTO friendship_friendship VALUES(1,0,0,2,3);
INSERT INTO friendship_friendship VALUES(2,1,1,2,1);
INSERT INTO friendship_friendship VALUES(3,1,1,2,3);
INSERT INTO friendship_friendship VALUES(4,1,0,2,3);
INSERT INTO friendship_friendship VALUES(6,1,0,2,2);
INSERT INTO friendship_friendship VALUES(7,1,0,2,2);
INSERT INTO friendship_friendship VALUES(10,1,0,2,2);
INSERT INTO friendship_friendship VALUES(11,1,0,2,1);
INSERT INTO friendship_friendship VALUES(12,1,0,3,2);
CREATE TABLE IF NOT EXISTS "group_group" ("id" integer NOT NULL PRIMARY KEY AUTOINCREMENT, "name" varchar(100) NOT NULL UNIQUE, "author_id" integer NOT NULL REFERENCES "auth_user" ("id") DEFERRABLE INITIALLY DEFERRED);
INSERT INTO group_group VALUES(2,'second group',3);
INSERT INTO group_group VALUES(3,'bla',2);
INSERT INTO group_group VALUES(4,'super group',2);
INSERT INTO group_group VALUES(5,'another group',3);
INSERT INTO group_group VALUES(6,'checking group',3);
CREATE TABLE IF NOT EXISTS "news_news" ("id" integer NOT NULL PRIMARY KEY AUTOINCREMENT, "title" varchar(100) NOT NULL, "text" text NOT NULL, "published_at" datetime NOT NULL, "group_id" integer NOT NULL REFERENCES "group_group" ("id") DEFERRABLE INITIALLY DEFERRED);
INSERT INTO news_news VALUES(2,'bal2',replace(replace('BlaBlaBlaBlaBlaBlaBla\r\nBlaBlaBlaBlaBlaBlaBla\r\nBlaBlaBlaBlaBlaBlaBla\r\nBlaBlaBlaBlaBlaBlaBla\r\nBlaBlaBlaBlaBlaBlaBla','\r',char(13)),'\n',char(10)),'2019-09-16 09:53:51.153408',2);
INSERT INTO news_news VALUES(3,'nh','k','2019-09-18 13:55:21.440331',5);
INSERT INTO news_news VALUES(4,'nh','k','2019-09-18 13:56:13.508712',5);
INSERT INTO news_news VALUES(5,'sd','sd','2019-09-18 14:00:35.951100',5);
INSERT INTO news_news VALUES(6,'and','a','2019-09-18 14:00:57.393717',5);
INSERT INTO news_news VALUES(7,'SDF','SDF','2019-09-18 14:03:16.596499',5);
INSERT INTO news_news VALUES(8,'SDF','SDF','2019-09-18 14:06:52.368102',5);
INSERT INTO news_news VALUES(9,'and','a','2019-09-18 14:07:10.929869',5);
INSERT INTO news_news VALUES(10,'and','a','2019-09-18 14:08:48.995930',5);
INSERT INTO news_news VALUES(11,'and','a','2019-09-18 14:09:49.707513',5);
INSERT INTO news_news VALUES(12,'and','a','2019-09-18 14:10:17.987252',5);
INSERT INTO news_news VALUES(13,'and','a','2019-09-18 14:31:58.594744',5);
INSERT INTO news_news VALUES(14,'and','a','2019-09-18 14:32:40.834732',5);
INSERT INTO news_news VALUES(15,'and','a','2019-09-18 14:33:11.643721',5);
INSERT INTO news_news VALUES(16,'and','a','2019-09-18 14:39:31.231646',5);
INSERT INTO news_news VALUES(17,'and','a','2019-09-18 14:41:02.012202',5);
INSERT INTO news_news VALUES(18,'and','a','2019-09-18 14:43:29.124985',5);
INSERT INTO news_news VALUES(19,'and','a','2019-09-18 14:43:46.058181',5);
INSERT INTO news_news VALUES(20,'and','a','2019-09-18 14:48:25.978501',5);
INSERT INTO news_news VALUES(21,'and','a','2019-09-18 14:48:43.088877',5);
INSERT INTO news_news VALUES(22,'and','a','2019-09-18 14:49:54.906913',5);
INSERT INTO news_news VALUES(23,'and','a','2019-09-18 14:50:55.039327',5);
INSERT INTO news_news VALUES(24,'and','a','2019-09-18 14:52:47.120610',5);
INSERT INTO news_news VALUES(25,'and','a','2019-09-18 14:53:50.867349',5);
INSERT INTO news_news VALUES(26,'and','a','2019-09-18 15:02:46.226095',3);
INSERT INTO news_news VALUES(27,'and','a','2019-09-18 15:03:11.809136',4);
INSERT INTO news_news VALUES(28,'ad','and','2019-09-18 15:04:59.826778',3);
INSERT INTO news_news VALUES(29,'and','sad','2019-09-18 15:08:14.116368',4);
INSERT INTO news_news VALUES(30,'and','and','2019-09-18 19:27:00.857717',5);
INSERT INTO news_news VALUES(31,'checking title','checking title','2019-09-18 20:55:56.211146',6);
INSERT INTO news_news VALUES(32,'asd','as','2019-09-19 13:07:51.279014',6);
INSERT INTO news_news VALUES(33,'asd','as','2019-09-19 13:07:53.976719',6);
INSERT INTO news_news VALUES(34,'asd','as','2019-09-19 13:07:59.541831',6);
CREATE TABLE IF NOT EXISTS "django_session" ("session_key" varchar(40) NOT NULL PRIMARY KEY, "session_data" text NOT NULL, "expire_date" datetime NOT NULL);
INSERT INTO django_session VALUES('nn4g20zayeu0dvyf2sau28ca1opkqvwi','ZTk0MjEzOWJhNDk2M2Q5YzQwZWZiNjk4YzI2N2I1NDAwMmVlZjFhOTp7Il9hdXRoX3VzZXJfaWQiOiIzIiwiX2F1dGhfdXNlcl9iYWNrZW5kIjoiZGphbmdvLmNvbnRyaWIuYXV0aC5iYWNrZW5kcy5Nb2RlbEJhY2tlbmQiLCJfYXV0aF91c2VyX2hhc2giOiI4ZTUxNTlkNmJhYmQ5MWZlY2E1MTAyMDI3ZTg0N2M2MGM3MmZlYmFiIn0=','2019-10-02 13:02:01.440520');
INSERT INTO django_session VALUES('aao301dt0i9u592tzul7jjb7b6estzj7','Yjc2Y2MzYmVlOWQ5MTMxZjgzZDE3NDdhNzNmZWEyOTA1Nzg1ZmY3OTp7Il9hdXRoX3VzZXJfaWQiOiI0IiwiX2F1dGhfdXNlcl9iYWNrZW5kIjoiZGphbmdvLmNvbnRyaWIuYXV0aC5iYWNrZW5kcy5Nb2RlbEJhY2tlbmQiLCJfYXV0aF91c2VyX2hhc2giOiJlMzY5NWJkZDM0YzIzNjBmNDI0YjYwMDRjYzUzYThjYWY5YWMzNzhlIn0=','2019-10-03 13:01:32.719338');
CREATE TABLE IF NOT EXISTS "subscription_subscription" ("id" integer NOT NULL PRIMARY KEY AUTOINCREMENT, "group_id" integer NOT NULL REFERENCES "group_group" ("id") DEFERRABLE INITIALLY DEFERRED, "user_id" integer NOT NULL REFERENCES "auth_user" ("id") DEFERRABLE INITIALLY DEFERRED);
INSERT INTO subscription_subscription VALUES(4,4,2);
INSERT INTO subscription_subscription VALUES(5,4,2);
INSERT INTO subscription_subscription VALUES(7,3,2);
INSERT INTO subscription_subscription VALUES(8,5,2);
INSERT INTO subscription_subscription VALUES(11,4,2);
INSERT INTO subscription_subscription VALUES(12,6,2);
INSERT INTO subscription_subscription VALUES(13,6,2);
INSERT INTO subscription_subscription VALUES(14,6,4);
DELETE FROM sqlite_sequence;
INSERT INTO sqlite_sequence VALUES('django_migrations',21);
INSERT INTO sqlite_sequence VALUES('django_admin_log',22);
INSERT INTO sqlite_sequence VALUES('django_content_type',10);
INSERT INTO sqlite_sequence VALUES('auth_permission',40);
INSERT INTO sqlite_sequence VALUES('auth_user',4);
INSERT INTO sqlite_sequence VALUES('auth_group',0);
INSERT INTO sqlite_sequence VALUES('group_group',6);
INSERT INTO sqlite_sequence VALUES('news_news',34);
INSERT INTO sqlite_sequence VALUES('subscription_subscription',15);
INSERT INTO sqlite_sequence VALUES('friendship_friendship',12);
CREATE UNIQUE INDEX "auth_group_permissions_group_id_permission_id_0cd325b0_uniq" ON "auth_group_permissions" ("group_id", "permission_id");
CREATE INDEX "auth_group_permissions_group_id_b120cbf9" ON "auth_group_permissions" ("group_id");
CREATE INDEX "auth_group_permissions_permission_id_84c5c92e" ON "auth_group_permissions" ("permission_id");
CREATE UNIQUE INDEX "auth_user_groups_user_id_group_id_94350c0c_uniq" ON "auth_user_groups" ("user_id", "group_id");
CREATE INDEX "auth_user_groups_user_id_6a12ed8b" ON "auth_user_groups" ("user_id");
CREATE INDEX "auth_user_groups_group_id_97559544" ON "auth_user_groups" ("group_id");
CREATE UNIQUE INDEX "auth_user_user_permissions_user_id_permission_id_14a6b632_uniq" ON "auth_user_user_permissions" ("user_id", "permission_id");
CREATE INDEX "auth_user_user_permissions_user_id_a95ead1b" ON "auth_user_user_permissions" ("user_id");
CREATE INDEX "auth_user_user_permissions_permission_id_1fbb5f2c" ON "auth_user_user_permissions" ("permission_id");
CREATE INDEX "django_admin_log_content_type_id_c4bce8eb" ON "django_admin_log" ("content_type_id");
CREATE INDEX "django_admin_log_user_id_c564eba6" ON "django_admin_log" ("user_id");
CREATE UNIQUE INDEX "django_content_type_app_label_model_76bd3d3b_uniq" ON "django_content_type" ("app_label", "model");
CREATE UNIQUE INDEX "auth_permission_content_type_id_codename_01ab375a_uniq" ON "auth_permission" ("content_type_id", "codename");
CREATE INDEX "auth_permission_content_type_id_2f476e4b" ON "auth_permission" ("content_type_id");
CREATE INDEX "friendship_friendship_first_user_id_f7d9f7b3" ON "friendship_friendship" ("first_user_id");
CREATE INDEX "friendship_friendship_second_user_id_aff6a17e" ON "friendship_friendship" ("second_user_id");
CREATE INDEX "group_group_author_id_49bc001a" ON "group_group" ("author_id");
CREATE INDEX "news_news_group_id_8aaa8f48" ON "news_news" ("group_id");
CREATE INDEX "django_session_expire_date_a5c62663" ON "django_session" ("expire_date");
CREATE INDEX "subscription_subscription_group_id_ee602ed0" ON "subscription_subscription" ("group_id");
CREATE INDEX "subscription_subscription_user_id_ff2293c7" ON "subscription_subscription" ("user_id");
COMMIT;
