[
  {
    "model": "contenttypes.contenttype",
    "pk": 1,
    "fields": {
      "app_label": "admin",
      "model": "logentry"
    }
  },
  {
    "model": "contenttypes.contenttype",
    "pk": 2,
    "fields": {
      "app_label": "auth",
      "model": "permission"
    }
  },
  {
    "model": "contenttypes.contenttype",
    "pk": 3,
    "fields": {
      "app_label": "auth",
      "model": "group"
    }
  },
  {
    "model": "contenttypes.contenttype",
    "pk": 4,
    "fields": {
      "app_label": "auth",
      "model": "user"
    }
  },
  {
    "model": "contenttypes.contenttype",
    "pk": 5,
    "fields": {
      "app_label": "contenttypes",
      "model": "contenttype"
    }
  },
  {
    "model": "contenttypes.contenttype",
    "pk": 6,
    "fields": {
      "app_label": "sessions",
      "model": "session"
    }
  },
  {
    "model": "contenttypes.contenttype",
    "pk": 7,
    "fields": {
      "app_label": "friendship",
      "model": "friendship"
    }
  },
  {
    "model": "contenttypes.contenttype",
    "pk": 8,
    "fields": {
      "app_label": "group",
      "model": "group"
    }
  },
  {
    "model": "contenttypes.contenttype",
    "pk": 9,
    "fields": {
      "app_label": "news",
      "model": "news"
    }
  },
  {
    "model": "contenttypes.contenttype",
    "pk": 10,
    "fields": {
      "app_label": "subscription",
      "model": "subscription"
    }
  },
  {
    "model": "sessions.session",
    "pk": "aao301dt0i9u592tzul7jjb7b6estzj7",
    "fields": {
      "session_data": "Yjc2Y2MzYmVlOWQ5MTMxZjgzZDE3NDdhNzNmZWEyOTA1Nzg1ZmY3OTp7Il9hdXRoX3VzZXJfaWQiOiI0IiwiX2F1dGhfdXNlcl9iYWNrZW5kIjoiZGphbmdvLmNvbnRyaWIuYXV0aC5iYWNrZW5kcy5Nb2RlbEJhY2tlbmQiLCJfYXV0aF91c2VyX2hhc2giOiJlMzY5NWJkZDM0YzIzNjBmNDI0YjYwMDRjYzUzYThjYWY5YWMzNzhlIn0=",
      "expire_date": "2019-10-03T13:01:32.719Z"
    }
  },
  {
    "model": "sessions.session",
    "pk": "nn4g20zayeu0dvyf2sau28ca1opkqvwi",
    "fields": {
      "session_data": "ZTk0MjEzOWJhNDk2M2Q5YzQwZWZiNjk4YzI2N2I1NDAwMmVlZjFhOTp7Il9hdXRoX3VzZXJfaWQiOiIzIiwiX2F1dGhfdXNlcl9iYWNrZW5kIjoiZGphbmdvLmNvbnRyaWIuYXV0aC5iYWNrZW5kcy5Nb2RlbEJhY2tlbmQiLCJfYXV0aF91c2VyX2hhc2giOiI4ZTUxNTlkNmJhYmQ5MWZlY2E1MTAyMDI3ZTg0N2M2MGM3MmZlYmFiIn0=",
      "expire_date": "2019-10-02T13:02:01.440Z"
    }
  },
  {
    "model": "news.news",
    "pk": 2,
    "fields": {
      "group": 2,
      "title": "bal2",
      "text": "BlaBlaBlaBlaBlaBlaBla\r\nBlaBlaBlaBlaBlaBlaBla\r\nBlaBlaBlaBlaBlaBlaBla\r\nBlaBlaBlaBlaBlaBlaBla\r\nBlaBlaBlaBlaBlaBlaBla",
      "published_at": "2019-09-16T09:53:51.153Z"
    }
  },
  {
    "model": "news.news",
    "pk": 3,
    "fields": {
      "group": 5,
      "title": "nh",
      "text": "k",
      "published_at": "2019-09-18T13:55:21.440Z"
    }
  },
  {
    "model": "news.news",
    "pk": 4,
    "fields": {
      "group": 5,
      "title": "nh",
      "text": "k",
      "published_at": "2019-09-18T13:56:13.508Z"
    }
  },
  {
    "model": "news.news",
    "pk": 5,
    "fields": {
      "group": 5,
      "title": "sd",
      "text": "sd",
      "published_at": "2019-09-18T14:00:35.951Z"
    }
  },
  {
    "model": "news.news",
    "pk": 6,
    "fields": {
      "group": 5,
      "title": "and",
      "text": "a",
      "published_at": "2019-09-18T14:00:57.393Z"
    }
  },
  {
    "model": "news.news",
    "pk": 7,
    "fields": {
      "group": 5,
      "title": "SDF",
      "text": "SDF",
      "published_at": "2019-09-18T14:03:16.596Z"
    }
  },
  {
    "model": "news.news",
    "pk": 8,
    "fields": {
      "group": 5,
      "title": "SDF",
      "text": "SDF",
      "published_at": "2019-09-18T14:06:52.368Z"
    }
  },
  {
    "model": "news.news",
    "pk": 9,
    "fields": {
      "group": 5,
      "title": "and",
      "text": "a",
      "published_at": "2019-09-18T14:07:10.929Z"
    }
  },
  {
    "model": "news.news",
    "pk": 10,
    "fields": {
      "group": 5,
      "title": "and",
      "text": "a",
      "published_at": "2019-09-18T14:08:48.995Z"
    }
  },
  {
    "model": "news.news",
    "pk": 11,
    "fields": {
      "group": 5,
      "title": "and",
      "text": "a",
      "published_at": "2019-09-18T14:09:49.707Z"
    }
  },
  {
    "model": "news.news",
    "pk": 12,
    "fields": {
      "group": 5,
      "title": "and",
      "text": "a",
      "published_at": "2019-09-18T14:10:17.987Z"
    }
  },
  {
    "model": "news.news",
    "pk": 13,
    "fields": {
      "group": 5,
      "title": "and",
      "text": "a",
      "published_at": "2019-09-18T14:31:58.594Z"
    }
  },
  {
    "model": "news.news",
    "pk": 14,
    "fields": {
      "group": 5,
      "title": "and",
      "text": "a",
      "published_at": "2019-09-18T14:32:40.834Z"
    }
  },
  {
    "model": "news.news",
    "pk": 15,
    "fields": {
      "group": 5,
      "title": "and",
      "text": "a",
      "published_at": "2019-09-18T14:33:11.643Z"
    }
  },
  {
    "model": "news.news",
    "pk": 16,
    "fields": {
      "group": 5,
      "title": "and",
      "text": "a",
      "published_at": "2019-09-18T14:39:31.231Z"
    }
  },
  {
    "model": "news.news",
    "pk": 17,
    "fields": {
      "group": 5,
      "title": "and",
      "text": "a",
      "published_at": "2019-09-18T14:41:02.012Z"
    }
  },
  {
    "model": "news.news",
    "pk": 18,
    "fields": {
      "group": 5,
      "title": "and",
      "text": "a",
      "published_at": "2019-09-18T14:43:29.124Z"
    }
  },
  {
    "model": "news.news",
    "pk": 19,
    "fields": {
      "group": 5,
      "title": "and",
      "text": "a",
      "published_at": "2019-09-18T14:43:46.058Z"
    }
  },
  {
    "model": "news.news",
    "pk": 20,
    "fields": {
      "group": 5,
      "title": "and",
      "text": "a",
      "published_at": "2019-09-18T14:48:25.978Z"
    }
  },
  {
    "model": "news.news",
    "pk": 21,
    "fields": {
      "group": 5,
      "title": "and",
      "text": "a",
      "published_at": "2019-09-18T14:48:43.088Z"
    }
  },
  {
    "model": "news.news",
    "pk": 22,
    "fields": {
      "group": 5,
      "title": "and",
      "text": "a",
      "published_at": "2019-09-18T14:49:54.906Z"
    }
  },
  {
    "model": "news.news",
    "pk": 23,
    "fields": {
      "group": 5,
      "title": "and",
      "text": "a",
      "published_at": "2019-09-18T14:50:55.039Z"
    }
  },
  {
    "model": "news.news",
    "pk": 24,
    "fields": {
      "group": 5,
      "title": "and",
      "text": "a",
      "published_at": "2019-09-18T14:52:47.120Z"
    }
  },
  {
    "model": "news.news",
    "pk": 25,
    "fields": {
      "group": 5,
      "title": "and",
      "text": "a",
      "published_at": "2019-09-18T14:53:50.867Z"
    }
  },
  {
    "model": "news.news",
    "pk": 26,
    "fields": {
      "group": 3,
      "title": "and",
      "text": "a",
      "published_at": "2019-09-18T15:02:46.226Z"
    }
  },
  {
    "model": "news.news",
    "pk": 27,
    "fields": {
      "group": 4,
      "title": "and",
      "text": "a",
      "published_at": "2019-09-18T15:03:11.809Z"
    }
  },
  {
    "model": "news.news",
    "pk": 28,
    "fields": {
      "group": 3,
      "title": "ad",
      "text": "and",
      "published_at": "2019-09-18T15:04:59.826Z"
    }
  },
  {
    "model": "news.news",
    "pk": 29,
    "fields": {
      "group": 4,
      "title": "and",
      "text": "sad",
      "published_at": "2019-09-18T15:08:14.116Z"
    }
  },
  {
    "model": "news.news",
    "pk": 30,
    "fields": {
      "group": 5,
      "title": "and",
      "text": "and",
      "published_at": "2019-09-18T19:27:00.857Z"
    }
  },
  {
    "model": "news.news",
    "pk": 31,
    "fields": {
      "group": 6,
      "title": "checking title",
      "text": "checking title",
      "published_at": "2019-09-18T20:55:56.211Z"
    }
  },
  {
    "model": "news.news",
    "pk": 32,
    "fields": {
      "group": 6,
      "title": "asd",
      "text": "as",
      "published_at": "2019-09-19T13:07:51.279Z"
    }
  },
  {
    "model": "news.news",
    "pk": 33,
    "fields": {
      "group": 6,
      "title": "asd",
      "text": "as",
      "published_at": "2019-09-19T13:07:53.976Z"
    }
  },
  {
    "model": "news.news",
    "pk": 34,
    "fields": {
      "group": 6,
      "title": "asd",
      "text": "as",
      "published_at": "2019-09-19T13:07:59.541Z"
    }
  },
  {
    "model": "auth.permission",
    "pk": 1,
    "fields": {
      "name": "Can add log entry",
      "content_type": 1,
      "codename": "add_logentry"
    }
  },
  {
    "model": "auth.permission",
    "pk": 2,
    "fields": {
      "name": "Can change log entry",
      "content_type": 1,
      "codename": "change_logentry"
    }
  },
  {
    "model": "auth.permission",
    "pk": 3,
    "fields": {
      "name": "Can delete log entry",
      "content_type": 1,
      "codename": "delete_logentry"
    }
  },
  {
    "model": "auth.permission",
    "pk": 4,
    "fields": {
      "name": "Can view log entry",
      "content_type": 1,
      "codename": "view_logentry"
    }
  },
  {
    "model": "auth.permission",
    "pk": 5,
    "fields": {
      "name": "Can add permission",
      "content_type": 2,
      "codename": "add_permission"
    }
  },
  {
    "model": "auth.permission",
    "pk": 6,
    "fields": {
      "name": "Can change permission",
      "content_type": 2,
      "codename": "change_permission"
    }
  },
  {
    "model": "auth.permission",
    "pk": 7,
    "fields": {
      "name": "Can delete permission",
      "content_type": 2,
      "codename": "delete_permission"
    }
  },
  {
    "model": "auth.permission",
    "pk": 8,
    "fields": {
      "name": "Can view permission",
      "content_type": 2,
      "codename": "view_permission"
    }
  },
  {
    "model": "auth.permission",
    "pk": 9,
    "fields": {
      "name": "Can add group",
      "content_type": 3,
      "codename": "add_group"
    }
  },
  {
    "model": "auth.permission",
    "pk": 10,
    "fields": {
      "name": "Can change group",
      "content_type": 3,
      "codename": "change_group"
    }
  },
  {
    "model": "auth.permission",
    "pk": 11,
    "fields": {
      "name": "Can delete group",
      "content_type": 3,
      "codename": "delete_group"
    }
  },
  {
    "model": "auth.permission",
    "pk": 12,
    "fields": {
      "name": "Can view group",
      "content_type": 3,
      "codename": "view_group"
    }
  },
  {
    "model": "auth.permission",
    "pk": 13,
    "fields": {
      "name": "Can add user",
      "content_type": 4,
      "codename": "add_user"
    }
  },
  {
    "model": "auth.permission",
    "pk": 14,
    "fields": {
      "name": "Can change user",
      "content_type": 4,
      "codename": "change_user"
    }
  },
  {
    "model": "auth.permission",
    "pk": 15,
    "fields": {
      "name": "Can delete user",
      "content_type": 4,
      "codename": "delete_user"
    }
  },
  {
    "model": "auth.permission",
    "pk": 16,
    "fields": {
      "name": "Can view user",
      "content_type": 4,
      "codename": "view_user"
    }
  },
  {
    "model": "auth.permission",
    "pk": 17,
    "fields": {
      "name": "Can add content type",
      "content_type": 5,
      "codename": "add_contenttype"
    }
  },
  {
    "model": "auth.permission",
    "pk": 18,
    "fields": {
      "name": "Can change content type",
      "content_type": 5,
      "codename": "change_contenttype"
    }
  },
  {
    "model": "auth.permission",
    "pk": 19,
    "fields": {
      "name": "Can delete content type",
      "content_type": 5,
      "codename": "delete_contenttype"
    }
  },
  {
    "model": "auth.permission",
    "pk": 20,
    "fields": {
      "name": "Can view content type",
      "content_type": 5,
      "codename": "view_contenttype"
    }
  },
  {
    "model": "auth.permission",
    "pk": 21,
    "fields": {
      "name": "Can add session",
      "content_type": 6,
      "codename": "add_session"
    }
  },
  {
    "model": "auth.permission",
    "pk": 22,
    "fields": {
      "name": "Can change session",
      "content_type": 6,
      "codename": "change_session"
    }
  },
  {
    "model": "auth.permission",
    "pk": 23,
    "fields": {
      "name": "Can delete session",
      "content_type": 6,
      "codename": "delete_session"
    }
  },
  {
    "model": "auth.permission",
    "pk": 24,
    "fields": {
      "name": "Can view session",
      "content_type": 6,
      "codename": "view_session"
    }
  },
  {
    "model": "auth.permission",
    "pk": 25,
    "fields": {
      "name": "Can add friendship",
      "content_type": 7,
      "codename": "add_friendship"
    }
  },
  {
    "model": "auth.permission",
    "pk": 26,
    "fields": {
      "name": "Can change friendship",
      "content_type": 7,
      "codename": "change_friendship"
    }
  },
  {
    "model": "auth.permission",
    "pk": 27,
    "fields": {
      "name": "Can delete friendship",
      "content_type": 7,
      "codename": "delete_friendship"
    }
  },
  {
    "model": "auth.permission",
    "pk": 28,
    "fields": {
      "name": "Can view friendship",
      "content_type": 7,
      "codename": "view_friendship"
    }
  },
  {
    "model": "auth.permission",
    "pk": 29,
    "fields": {
      "name": "Can add group",
      "content_type": 8,
      "codename": "add_group"
    }
  },
  {
    "model": "auth.permission",
    "pk": 30,
    "fields": {
      "name": "Can change group",
      "content_type": 8,
      "codename": "change_group"
    }
  },
  {
    "model": "auth.permission",
    "pk": 31,
    "fields": {
      "name": "Can delete group",
      "content_type": 8,
      "codename": "delete_group"
    }
  },
  {
    "model": "auth.permission",
    "pk": 32,
    "fields": {
      "name": "Can view group",
      "content_type": 8,
      "codename": "view_group"
    }
  },
  {
    "model": "auth.permission",
    "pk": 33,
    "fields": {
      "name": "Can add news",
      "content_type": 9,
      "codename": "add_news"
    }
  },
  {
    "model": "auth.permission",
    "pk": 34,
    "fields": {
      "name": "Can change news",
      "content_type": 9,
      "codename": "change_news"
    }
  },
  {
    "model": "auth.permission",
    "pk": 35,
    "fields": {
      "name": "Can delete news",
      "content_type": 9,
      "codename": "delete_news"
    }
  },
  {
    "model": "auth.permission",
    "pk": 36,
    "fields": {
      "name": "Can view news",
      "content_type": 9,
      "codename": "view_news"
    }
  },
  {
    "model": "auth.permission",
    "pk": 37,
    "fields": {
      "name": "Can add subscription",
      "content_type": 10,
      "codename": "add_subscription"
    }
  },
  {
    "model": "auth.permission",
    "pk": 38,
    "fields": {
      "name": "Can change subscription",
      "content_type": 10,
      "codename": "change_subscription"
    }
  },
  {
    "model": "auth.permission",
    "pk": 39,
    "fields": {
      "name": "Can delete subscription",
      "content_type": 10,
      "codename": "delete_subscription"
    }
  },
  {
    "model": "auth.permission",
    "pk": 40,
    "fields": {
      "name": "Can view subscription",
      "content_type": 10,
      "codename": "view_subscription"
    }
  },
  {
    "model": "auth.user",
    "pk": 1,
    "fields": {
      "password": "pbkdf2_sha256$150000$F5gwLMW62U2L$ayHcD4s/Npsx3lS4QSs1SsgzarBQm2GUP2YqChLw1Ps=",
      "last_login": "2019-09-19T12:57:30.784Z",
      "is_superuser": true,
      "username": "admin",
      "first_name": "",
      "last_name": "",
      "email": "admin@example.com",
      "is_staff": true,
      "is_active": true,
      "date_joined": "2019-09-16T09:50:37.111Z",
      "groups": [],
      "user_permissions": []
    }
  },
  {
    "model": "auth.user",
    "pk": 2,
    "fields": {
      "password": "pbkdf2_sha256$150000$8SNf7dTsOXed$v1aAWIuy0oJ1oZZ0pNvsAtyW/WN78VL2uhVenH8nIbQ=",
      "last_login": "2019-09-19T08:03:37.257Z",
      "is_superuser": false,
      "username": "testuser1",
      "first_name": "",
      "last_name": "",
      "email": "",
      "is_staff": false,
      "is_active": true,
      "date_joined": "2019-09-16T09:51:20Z",
      "groups": [],
      "user_permissions": []
    }
  },
  {
    "model": "auth.user",
    "pk": 3,
    "fields": {
      "password": "pbkdf2_sha256$150000$kr0LBty0bS3h$iTWbns+D9rhVbtcpguipQQ1ChkOGj9oxhZZf4fWK6FU=",
      "last_login": "2019-09-18T20:04:25.497Z",
      "is_superuser": false,
      "username": "testuser2",
      "first_name": "",
      "last_name": "",
      "email": "",
      "is_staff": false,
      "is_active": true,
      "date_joined": "2019-09-16T09:51:55.078Z",
      "groups": [],
      "user_permissions": []
    }
  },
  {
    "model": "auth.user",
    "pk": 4,
    "fields": {
      "password": "pbkdf2_sha256$150000$ySimH6qlaLuL$EOUN5/uRIHZnx/m5lwVtEY6nycOBXUw+M2iMkrvdhVw=",
      "last_login": "2019-09-19T13:01:32.710Z",
      "is_superuser": false,
      "username": "test",
      "first_name": "",
      "last_name": "",
      "email": "",
      "is_staff": false,
      "is_active": true,
      "date_joined": "2019-09-19T12:25:00.398Z",
      "groups": [],
      "user_permissions": []
    }
  },
  {
    "model": "friendship.friendship",
    "pk": 1,
    "fields": {
      "first_user": 2,
      "second_user": 3,
      "first_accepted": false,
      "second_accepted": false
    }
  },
  {
    "model": "friendship.friendship",
    "pk": 2,
    "fields": {
      "first_user": 2,
      "second_user": 1,
      "first_accepted": true,
      "second_accepted": true
    }
  },
  {
    "model": "friendship.friendship",
    "pk": 3,
    "fields": {
      "first_user": 2,
      "second_user": 3,
      "first_accepted": true,
      "second_accepted": true
    }
  },
  {
    "model": "friendship.friendship",
    "pk": 4,
    "fields": {
      "first_user": 2,
      "second_user": 3,
      "first_accepted": true,
      "second_accepted": false
    }
  },
  {
    "model": "friendship.friendship",
    "pk": 6,
    "fields": {
      "first_user": 2,
      "second_user": 2,
      "first_accepted": true,
      "second_accepted": false
    }
  },
  {
    "model": "friendship.friendship",
    "pk": 7,
    "fields": {
      "first_user": 2,
      "second_user": 2,
      "first_accepted": true,
      "second_accepted": false
    }
  },
  {
    "model": "friendship.friendship",
    "pk": 10,
    "fields": {
      "first_user": 2,
      "second_user": 2,
      "first_accepted": true,
      "second_accepted": false
    }
  },
  {
    "model": "friendship.friendship",
    "pk": 11,
    "fields": {
      "first_user": 2,
      "second_user": 1,
      "first_accepted": true,
      "second_accepted": false
    }
  },
  {
    "model": "friendship.friendship",
    "pk": 12,
    "fields": {
      "first_user": 3,
      "second_user": 2,
      "first_accepted": true,
      "second_accepted": false
    }
  },
  {
    "model": "group.group",
    "pk": 2,
    "fields": {
      "author": 3,
      "name": "second group"
    }
  },
  {
    "model": "group.group",
    "pk": 3,
    "fields": {
      "author": 2,
      "name": "bla"
    }
  },
  {
    "model": "group.group",
    "pk": 4,
    "fields": {
      "author": 2,
      "name": "super group"
    }
  },
  {
    "model": "group.group",
    "pk": 5,
    "fields": {
      "author": 3,
      "name": "another group"
    }
  },
  {
    "model": "group.group",
    "pk": 6,
    "fields": {
      "author": 3,
      "name": "checking group"
    }
  },
  {
    "model": "subscription.subscription",
    "pk": 4,
    "fields": {
      "group": 4,
      "user": 2
    }
  },
  {
    "model": "subscription.subscription",
    "pk": 5,
    "fields": {
      "group": 4,
      "user": 2
    }
  },
  {
    "model": "subscription.subscription",
    "pk": 7,
    "fields": {
      "group": 3,
      "user": 2
    }
  },
  {
    "model": "subscription.subscription",
    "pk": 8,
    "fields": {
      "group": 5,
      "user": 2
    }
  },
  {
    "model": "subscription.subscription",
    "pk": 11,
    "fields": {
      "group": 4,
      "user": 2
    }
  },
  {
    "model": "subscription.subscription",
    "pk": 12,
    "fields": {
      "group": 6,
      "user": 2
    }
  },
  {
    "model": "subscription.subscription",
    "pk": 13,
    "fields": {
      "group": 6,
      "user": 2
    }
  },
  {
    "model": "subscription.subscription",
    "pk": 14,
    "fields": {
      "group": 6,
      "user": 4
    }
  },
  {
    "model": "admin.logentry",
    "pk": 1,
    "fields": {
      "action_time": "2019-09-16T09:51:20.994Z",
      "user": 1,
      "content_type": 4,
      "object_id": "2",
      "object_repr": "testuser1",
      "action_flag": 1,
      "change_message": "[{\"added\": {}}]"
    }
  },
  {
    "model": "admin.logentry",
    "pk": 2,
    "fields": {
      "action_time": "2019-09-16T09:51:55.242Z",
      "user": 1,
      "content_type": 4,
      "object_id": "3",
      "object_repr": "testuser2",
      "action_flag": 1,
      "change_message": "[{\"added\": {}}]"
    }
  },
  {
    "model": "admin.logentry",
    "pk": 3,
    "fields": {
      "action_time": "2019-09-16T09:52:18.495Z",
      "user": 1,
      "content_type": 8,
      "object_id": "1",
      "object_repr": "first group",
      "action_flag": 1,
      "change_message": "[{\"added\": {}}]"
    }
  },
  {
    "model": "admin.logentry",
    "pk": 4,
    "fields": {
      "action_time": "2019-09-16T09:52:27.532Z",
      "user": 1,
      "content_type": 8,
      "object_id": "2",
      "object_repr": "second proup",
      "action_flag": 1,
      "change_message": "[{\"added\": {}}]"
    }
  },
  {
    "model": "admin.logentry",
    "pk": 5,
    "fields": {
      "action_time": "2019-09-16T09:52:38.892Z",
      "user": 1,
      "content_type": 8,
      "object_id": "2",
      "object_repr": "second group",
      "action_flag": 2,
      "change_message": "[{\"changed\": {\"fields\": [\"name\"]}}]"
    }
  },
  {
    "model": "admin.logentry",
    "pk": 6,
    "fields": {
      "action_time": "2019-09-16T09:53:18.380Z",
      "user": 1,
      "content_type": 9,
      "object_id": "1",
      "object_repr": "Bla 1",
      "action_flag": 1,
      "change_message": "[{\"added\": {}}]"
    }
  },
  {
    "model": "admin.logentry",
    "pk": 7,
    "fields": {
      "action_time": "2019-09-16T09:53:51.154Z",
      "user": 1,
      "content_type": 9,
      "object_id": "2",
      "object_repr": "bal2",
      "action_flag": 1,
      "change_message": "[{\"added\": {}}]"
    }
  },
  {
    "model": "admin.logentry",
    "pk": 8,
    "fields": {
      "action_time": "2019-09-16T09:54:08.221Z",
      "user": 1,
      "content_type": 10,
      "object_id": "1",
      "object_repr": "User testuser1 subscribed to first group",
      "action_flag": 1,
      "change_message": "[{\"added\": {}}]"
    }
  },
  {
    "model": "admin.logentry",
    "pk": 9,
    "fields": {
      "action_time": "2019-09-16T09:54:14.158Z",
      "user": 1,
      "content_type": 10,
      "object_id": "2",
      "object_repr": "User testuser2 subscribed to second group",
      "action_flag": 1,
      "change_message": "[{\"added\": {}}]"
    }
  },
  {
    "model": "admin.logentry",
    "pk": 10,
    "fields": {
      "action_time": "2019-09-16T09:54:30.976Z",
      "user": 1,
      "content_type": 7,
      "object_id": "1",
      "object_repr": "testuser1 follows testuser2",
      "action_flag": 1,
      "change_message": "[{\"added\": {}}]"
    }
  },
  {
    "model": "admin.logentry",
    "pk": 11,
    "fields": {
      "action_time": "2019-09-18T20:14:43.809Z",
      "user": 1,
      "content_type": 10,
      "object_id": "10",
      "object_repr": "User testuser2 subscribed to second group",
      "action_flag": 3,
      "change_message": ""
    }
  },
  {
    "model": "admin.logentry",
    "pk": 12,
    "fields": {
      "action_time": "2019-09-18T20:15:01.347Z",
      "user": 1,
      "content_type": 10,
      "object_id": "11",
      "object_repr": "User testuser1 subscribed to super group",
      "action_flag": 1,
      "change_message": "[{\"added\": {}}]"
    }
  },
  {
    "model": "admin.logentry",
    "pk": 13,
    "fields": {
      "action_time": "2019-09-18T20:55:02.670Z",
      "user": 1,
      "content_type": 8,
      "object_id": "6",
      "object_repr": "checking group",
      "action_flag": 1,
      "change_message": "[{\"added\": {}}]"
    }
  },
  {
    "model": "admin.logentry",
    "pk": 14,
    "fields": {
      "action_time": "2019-09-18T20:55:56.212Z",
      "user": 1,
      "content_type": 9,
      "object_id": "31",
      "object_repr": "checking title",
      "action_flag": 1,
      "change_message": "[{\"added\": {}}]"
    }
  },
  {
    "model": "admin.logentry",
    "pk": 15,
    "fields": {
      "action_time": "2019-09-18T20:56:19.534Z",
      "user": 1,
      "content_type": 10,
      "object_id": "12",
      "object_repr": "User testuser1 subscribed to checking group",
      "action_flag": 1,
      "change_message": "[{\"added\": {}}]"
    }
  },
  {
    "model": "admin.logentry",
    "pk": 16,
    "fields": {
      "action_time": "2019-09-18T20:57:56.780Z",
      "user": 1,
      "content_type": 4,
      "object_id": "2",
      "object_repr": "testuser1",
      "action_flag": 2,
      "change_message": "[]"
    }
  },
  {
    "model": "admin.logentry",
    "pk": 17,
    "fields": {
      "action_time": "2019-09-19T12:25:00.578Z",
      "user": 1,
      "content_type": 4,
      "object_id": "4",
      "object_repr": "test",
      "action_flag": 1,
      "change_message": "[{\"added\": {}}]"
    }
  },
  {
    "model": "admin.logentry",
    "pk": 18,
    "fields": {
      "action_time": "2019-09-19T12:58:14.964Z",
      "user": 1,
      "content_type": 10,
      "object_id": "14",
      "object_repr": "User test subscribed to checking group",
      "action_flag": 1,
      "change_message": "[{\"added\": {}}]"
    }
  },
  {
    "model": "admin.logentry",
    "pk": 19,
    "fields": {
      "action_time": "2019-09-19T12:58:30.150Z",
      "user": 1,
      "content_type": 9,
      "object_id": "31",
      "object_repr": "checking title",
      "action_flag": 2,
      "change_message": "[{\"changed\": {\"fields\": [\"text\"]}}]"
    }
  },
  {
    "model": "admin.logentry",
    "pk": 20,
    "fields": {
      "action_time": "2019-09-19T12:59:54.121Z",
      "user": 1,
      "content_type": 10,
      "object_id": "14",
      "object_repr": "User test subscribed to checking group",
      "action_flag": 2,
      "change_message": "[]"
    }
  },
  {
    "model": "admin.logentry",
    "pk": 21,
    "fields": {
      "action_time": "2019-09-19T13:00:06.963Z",
      "user": 1,
      "content_type": 8,
      "object_id": "6",
      "object_repr": "checking group",
      "action_flag": 2,
      "change_message": "[]"
    }
  },
  {
    "model": "admin.logentry",
    "pk": 22,
    "fields": {
      "action_time": "2019-09-19T13:00:08.461Z",
      "user": 1,
      "content_type": 9,
      "object_id": "31",
      "object_repr": "checking title",
      "action_flag": 2,
      "change_message": "[]"
    }
  }
]